epoch,train_loss
1,0.652345551435764
2,0.5675255201718746
3,0.5612543063591688
4,0.5588924400623028
5,0.5568512279559404
6,0.554154087870549
