node_type,node_count,avg_rmse_2012q4,avg_rmse_2013,avg_rmse_increase_pct,median_rmse_increase_pct,degraded_nodes,degraded_node_share_pct
Std,3,0.10249974414654488,0.09596931258682077,-6.566032734840332,-6.479259473605257,0,0.0
ToU,7,0.12552460603994983,0.11698918553553869,-6.07406952826218,-6.64892292672291,0,0.0
Overall,10,0.11861714747192835,0.11068322365092331,-6.221658490235625,-6.564091200164084,0,0.0
