LCLid,stdorToU,window_key,window_label,observed_hours_before_fill,expected_hours,raw_missing_rate,filled_missing_rate
MAC000989,Std,pre_2011_2012,2011-2012 pre-drift,5711,9720,0.41244855967078187,0.0
MAC004067,Std,pre_2011_2012,2011-2012 pre-drift,5399,9720,0.44454732510288064,0.0
MAC004405,Std,pre_2011_2012,2011-2012 pre-drift,6863,9720,0.2939300411522634,0.0
MAC004887,Std,pre_2011_2012,2011-2012 pre-drift,8495,9720,0.12602880658436214,0.0
MAC001030,ToU,pre_2011_2012,2011-2012 pre-drift,5759,9720,0.4075102880658436,0.0
MAC002930,ToU,pre_2011_2012,2011-2012 pre-drift,4367,9720,0.5507201646090535,0.0
MAC003298,ToU,pre_2011_2012,2011-2012 pre-drift,2303,9720,0.7630658436213992,0.0
MAC004144,ToU,pre_2011_2012,2011-2012 pre-drift,5351,9720,0.44948559670781896,0.0
