LCLid,stdorToU,Acorn,Acorn_grouped,file,pre_2011_2012_days,drift_2013_days,post_2014_days,pre_mean,pre_std,drift_mean,drift_std,mean_shift_pct,std_shift_pct,shift_score
MAC000989,Std,ACORN-Q,Adversity,block_94,243,365,59,0.13938341512962105,0.025293521464420377,0.13949222217595866,0.025196934102802625,0.07806312267240008,0.3818660116331301,0.4599291343055302
MAC004067,Std,ACORN-U,ACORN-U,block_110,228,365,59,0.0,0.0,0.0,0.0,0.0,0.0,0.0
MAC004405,Std,ACORN-Q,Adversity,block_103,288,365,59,0.1813453906720966,0.09162460877537758,0.181812892222627,0.0915462694613044,0.25779621351155857,0.08550029857724542,0.34329651208880396
MAC004887,Std,ACORN-D,Affluent,block_8,355,365,59,0.1449529342546948,0.0582661625853333,0.1458703196289954,0.05827134805336476,0.6328849974769645,0.008899621669548427,0.6417846191465129
MAC001030,ToU,ACORN-E,Affluent,block_17,243,365,59,0.038742767864960496,0.006483036876766347,0.0512385261771349,0.04702986631833722,32.253137813304605,625.4295666106884,657.6827044239931
MAC002930,ToU,ACORN-E,Affluent,block_38,183,365,59,0.0794673580062924,0.016131756671299544,0.10678367215583404,0.09552053291408004,34.37425734900948,492.12728570362873,526.5015430526382
MAC003298,ToU,ACORN-H,Comfortable,block_64,99,365,59,0.2169300800133426,0.08559069814700951,0.5069550020326613,0.9667376646936888,133.6951159569389,1029.4891683594312,1163.1842843163702
MAC004144,ToU,ACORN-E,Affluent,block_35,225,365,59,0.0575112190362405,0.010444636825492362,0.06953824567521613,0.06702534031147454,20.912487755470533,541.7201615654544,562.632649320925
